{"stats":{"minecraft:broken":{"minecraft:stone_axe":1},"minecraft:killed_by":{"undead_revamp2:thespitter":1,"born_in_chaos_v1:diamond_termite":2,"minecraft:zombie":6},"minecraft:used":{"minecraft:iron_shovel":2,"minecraft:stone_sword":80,"minecraft:shield":9,"minecraft:iron_sword":146,"ecologics:coconut_planks":3,"minecraft:torch":66,"minecraft:iron_chestplate":1,"minecraft:dirt":52,"ecologics:crab_meat":1,"minecraft:granite":1,"minecraft:iron_hoe":12,"minecraft:wooden_axe":19,"minecraft:iron_axe":74,"minecraft:iron_helmet":1,"minecraft:iron_boots":1,"supplementaries:bomb_blue":1,"minecraft:oak_sapling":2,"minecraft:furnace":6,"tombstone:gift":6,"minecraft:cooked_beef":14,"mowziesmobs:foliaath_seed":5,"minecraft:water_bucket":13,"minecraft:stone_pickaxe":58,"minecraft:oak_planks":5,"minecraft:wooden_pickaxe":7,"minecraft:diamond_axe":15,"tombstone:scroll_of_true_sight":1,"minecraft:crafting_table":13,"supplementaries:bomb":1,"tombstone:bag_of_seeds":2,"minecraft:bread":25,"minecraft:iron_pickaxe":157,"minecraft:gravel":2,"ecologics:coconut_slice":2,"minecraft:stone_axe":107,"minecraft:cobblestone":25,"minecraft:bucket":14,"minecraft:yellow_bed":2},"minecraft:crafted":{"minecraft:cherry_planks":4,"minecraft:oak_planks":68,"minecraft:coal":72,"ecologics:coconut_planks":12,"minecraft:furnace":4,"minecraft:bone_meal":3,"minecraft:iron_boots":1,"minecraft:iron_axe":1,"minecraft:stone_pickaxe":1,"minecraft:wheat":82,"minecraft:cooked_beef":17,"sophisticatedbackpacks:backpack":1,"minecraft:crafting_table":6,"minecraft:wooden_pickaxe":1,"minecraft:iron_helmet":1,"minecraft:iron_sword":1,"minecraft:bucket":1,"minecraft:stone_axe":1,"minecraft:bread":27,"minecraft:air":0,"minecraft:iron_chestplate":1,"minecraft:shield":1,"minecraft:stick":40,"quark:oak_chest":2,"minecraft:iron_ingot":17,"minecraft:iron_shovel":1,"minecraft:wooden_axe":1,"minecraft:stone_sword":1,"minecraft:torch":64},"minecraft:picked_up":{"minecraft:wooden_axe":1,"luminousworld:groundpebbles_1":1,"minecraft:crafting_table":8,"born_in_chaos_v1:diamond_termite_shard":9,"minecraft:wheat":15,"minecraft:chicken":1,"minecraft:flower_pot":1,"minecraft:clay_ball":14,"born_in_chaos_v1:seedof_chaos":1,"minecraft:oak_stairs":1,"minecraft:enchanted_book":1,"minecraft:string":27,"minecraft:moss_carpet":1,"born_in_chaos_v1:intoxicating_decoction":1,"minecraft:item_frame":1,"minecraft:iron_shovel":1,"supplementaries:bomb":1,"minecraft:beef":18,"minecraft:azalea":1,"minecraft:iron_pickaxe":2,"minecraft:coal_block":8,"minecraft:furnace":8,"ecologics:crab_claw":1,"minecraft:egg":1,"minecraft:stick":6,"minecraft:raw_iron":35,"ecologics:coconut_slice":2,"minecraft:torch":3,"minecraft:spruce_fence":2,"minecraft:cherry_log":1,"tombstone:grave_dust":5,"born_in_chaos_v1:pieceofdarkmetal":3,"minecraft:dark_oak_planks":1,"minecraft:tnt":3,"minecraft:rotten_flesh":42,"minecraft:peony":17,"minecraft:hay_block":12,"ecologics:coconut_log":3,"supplementaries:ash":10,"minecraft:cod":1,"minecraft:iron_bars":2,"undead_revamp2:arapholia":1,"minecraft:cobblestone":142,"minecraft:feather":1,"minecraft:leather":7,"minecraft:oak_log":21,"minecraft:yellow_bed":2,"minecraft:gunpowder":4,"minecraft:dirt":54,"minecraft:name_tag":1,"minecraft:bone":4,"minecraft:stone_bricks":9,"mowziesmobs:foliaath_seed":6,"minecraft:wheat_seeds":20,"minecraft:iron_ingot":8,"ecologics:crab_meat":1,"minecraft:oak_planks":4,"minecraft:book":36,"minecraft:polished_andesite_stairs":1,"luminousworld:clovers_1":1,"minecraft:gravel":4,"minecraft:jungle_planks":1,"ecologics:coconut_husk":4,"minecraft:spruce_log":2,"undead_revamp2:heavytooth":1,"undead_revamp2:rawbostrox":1,"minecraft:iron_hoe":2,"minecraft:diamond":1,"minecraft:chainmail_leggings":1,"minecraft:scute":1,"minecraft:granite":5,"minecraft:bread":2,"minecraft:oak_sapling":4,"tombstone:magic_scroll":2,"born_in_chaos_v1:rotten_fish":1,"minecraft:melon_seeds":4,"minecraft:coal":78,"iceandfire:raw_silver":5,"minecraft:ender_pearl":2},"minecraft:dropped":{"born_in_chaos_v1:intoxicating_decoction":1,"minecraft:wheat_seeds":1,"minecraft:oak_log":4,"minecraft:crafting_table":1,"minecraft:cobblestone":21,"minecraft:scute":1,"minecraft:granite":4,"minecraft:coal":2,"minecraft:cod":1,"minecraft:item_frame":1,"minecraft:dirt":3,"tombstone:grave_key":1,"minecraft:oak_stairs":1,"minecraft:polished_andesite_stairs":1,"minecraft:iron_pickaxe":1,"minecraft:string":1,"minecraft:gravel":2,"minecraft:furnace":2,"ecologics:coconut_planks":1,"minecraft:stone_sword":1,"minecraft:wheat":1,"supplementaries:bomb":1,"minecraft:rotten_flesh":9,"minecraft:clay_ball":10,"minecraft:oak_planks":7,"minecraft:iron_hoe":1,"minecraft:name_tag":1,"minecraft:spruce_fence":2,"supplementaries:flax_seeds":1,"minecraft:peony":17,"luminousworld:groundpebbles_1":1,"minecraft:melon_seeds":8,"ecologics:coconut_husk":6,"minecraft:oak_sapling":2,"minecraft:stone_bricks":9,"minecraft:spruce_log":2,"minecraft:wooden_pickaxe":1,"minecraft:beef":1,"minecraft:stone_pickaxe":1,"minecraft:egg":1},"minecraft:custom":{"minecraft:mob_kills":71,"minecraft:interact_with_crafting_table":28,"minecraft:interact_with_campfire":1,"minecraft:damage_dealt_resisted":1151,"minecraft:leave_game":3,"minecraft:time_since_death":33380,"minecraft:climb_one_cm":23515,"minecraft:sprint_one_cm":237781,"minecraft:walk_one_cm":213631,"minecraft:damage_blocked_by_shield":200,"minecraft:drop":47,"minecraft:talked_to_villager":7,"minecraft:play_time":133188,"minecraft:deaths":11,"minecraft:sneak_time":7491,"minecraft:walk_under_water_one_cm":9767,"minecraft:jump":1832,"minecraft:walk_on_water_one_cm":25276,"minecraft:total_world_time":133188,"minecraft:interact_with_furnace":30,"minecraft:sleep_in_bed":3,"minecraft:time_since_rest":32505,"minecraft:damage_taken":5233,"minecraft:damage_dealt":15281,"minecraft:swim_one_cm":28625,"minecraft:fly_one_cm":317540,"minecraft:open_chest":8,"minecraft:crouch_one_cm":18669,"tombstone:undead_killed":31,"minecraft:fall_one_cm":41041},"minecraft:killed":{"born_in_chaos_v1:zombie_clown":1,"naturalist:rattlesnake":1,"alexsmobs:lobster":1,"born_in_chaos_v1:restless_spirit":1,"born_in_chaos_v1:zombie_lumberjack":1,"enemyexpansion:equestrian":1,"minecraft:spider":3,"undead_revamp2:thesmoker":1,"enemyexpansion:direwolf":1,"born_in_chaos_v1:zombie_bruiser":1,"born_in_chaos_v1:maggot":3,"minecraft:skeleton":1,"minecraft:chicken":1,"naturalist:bass":1,"ecologics:coconut_crab":1,"enemyexpansion:goblin":1,"alexsmobs:flying_fish":1,"undead_revamp2:thespitter":1,"born_in_chaos_v1:barrel_zombie":1,"born_in_chaos_v1:fallen_chaos_knight":1,"born_in_chaos_v1:diamond_termite":10,"born_in_chaos_v1:baby_skeleton":2,"undead_revamp2:the_moonflower":4,"undead_revamp2:theheavy":1,"enemyexpansion:sprinter":3,"minecraft:creeper":1,"born_in_chaos_v1:decrepit_skeleton":2,"minecraft:zombie":9,"endermanoverhaul:cave_enderman":1,"minecraft:enderman":1,"minecraft:cow":9,"enemyexpansion:slugger":1},"minecraft:mined":{"minecraft:dark_oak_planks":1,"minecraft:diamond_ore":1,"luminousworld:groundpebbles_1":1,"iceandfire:silver_ore":5,"luminousworld:blue_petunias":1,"born_in_chaos_v1:infected_diamond_ore":8,"minecraft:spruce_trapdoor":1,"minecraft:granite":3,"minecraft:spruce_fence":3,"minecraft:grass_block":7,"minecraft:jungle_planks":1,"luminousworld:grassvariant_2":2,"minecraft:coal_block":8,"ecologics:coconut_log":3,"minecraft:spruce_leaves":1,"minecraft:hay_block":15,"minecraft:oak_trapdoor":2,"minecraft:furnace":6,"minecraft:iron_ore":32,"minecraft:moss_carpet":1,"minecraft:peony":16,"minecraft:bookshelf":12,"minecraft:vine":5,"minecraft:oak_stairs":3,"minecraft:iron_bars":2,"minecraft:potted_cornflower":1,"minecraft:azalea":1,"minecraft:stone":101,"minecraft:oak_slab":3,"minecraft:clay":1,"minecraft:crafting_table":7,"minecraft:torch":1,"minecraft:polished_andesite_stairs":1,"minecraft:rose_bush":1,"minecraft:tall_grass":15,"minecraft:cobblestone":16,"minecraft:oak_planks":4,"supplementaries:urn":1,"minecraft:beehive":1,"minecraft:wheat":12,"minecraft:tnt":3,"minecraft:yellow_bed":2,"minecraft:grass":21,"minecraft:oak_log":18,"minecraft:coal_ore":12,"luminousworld:ishstone":3,"minecraft:gravel":2,"minecraft:dirt":30,"luminousworld:grassvariant_3":1,"minecraft:cobweb":28,"minecraft:stone_bricks":9,"undead_revamp2:arapholia":1}},"DataVersion":3465}