{"stats":{"minecraft:crafted":{"minecraft:oak_planks":64,"minecraft:coal":72,"ecologics:coconut_planks":12,"minecraft:furnace":4,"minecraft:bone_meal":3,"minecraft:iron_boots":1,"minecraft:iron_axe":1,"minecraft:stone_pickaxe":1,"minecraft:wheat":82,"minecraft:cooked_beef":17,"sophisticatedbackpacks:backpack":1,"minecraft:crafting_table":5,"minecraft:wooden_pickaxe":1,"minecraft:iron_helmet":1,"minecraft:iron_sword":1,"minecraft:bucket":1,"minecraft:stone_axe":1,"minecraft:bread":27,"minecraft:air":0,"minecraft:iron_chestplate":1,"minecraft:shield":1,"minecraft:stick":32,"quark:oak_chest":2,"minecraft:iron_ingot":17,"minecraft:wooden_axe":1,"minecraft:stone_sword":1,"minecraft:torch":40},"minecraft:killed_by":{"undead_revamp2:thespitter":1,"born_in_chaos_v1:diamond_termite":2,"minecraft:zombie":6},"minecraft:used":{"minecraft:stone_sword":80,"minecraft:shield":2,"minecraft:iron_sword":117,"ecologics:coconut_planks":3,"minecraft:torch":54,"minecraft:iron_chestplate":1,"minecraft:dirt":48,"ecologics:crab_meat":1,"minecraft:granite":1,"minecraft:iron_hoe":12,"minecraft:wooden_axe":19,"minecraft:iron_axe":67,"minecraft:iron_helmet":1,"minecraft:iron_boots":1,"supplementaries:bomb_blue":1,"minecraft:oak_sapling":2,"minecraft:furnace":4,"tombstone:gift":6,"minecraft:cooked_beef":14,"mowziesmobs:foliaath_seed":5,"minecraft:water_bucket":13,"minecraft:stone_pickaxe":58,"minecraft:oak_planks":5,"minecraft:wooden_pickaxe":7,"tombstone:scroll_of_true_sight":1,"minecraft:crafting_table":12,"supplementaries:bomb":1,"tombstone:bag_of_seeds":2,"minecraft:bread":21,"minecraft:iron_pickaxe":103,"minecraft:gravel":2,"ecologics:coconut_slice":2,"minecraft:stone_axe":107,"minecraft:cobblestone":25,"minecraft:bucket":14,"minecraft:yellow_bed":2},"minecraft:mined":{"minecraft:dark_oak_planks":1,"minecraft:diamond_ore":1,"luminousworld:groundpebbles_1":1,"iceandfire:silver_ore":5,"luminousworld:blue_petunias":1,"born_in_chaos_v1:infected_diamond_ore":4,"minecraft:spruce_trapdoor":1,"minecraft:spruce_fence":2,"minecraft:granite":3,"minecraft:grass_block":7,"minecraft:jungle_planks":1,"luminousworld:grassvariant_2":2,"minecraft:coal_block":8,"ecologics:coconut_log":3,"minecraft:hay_block":15,"minecraft:oak_trapdoor":2,"minecraft:furnace":4,"minecraft:iron_ore":26,"minecraft:peony":16,"minecraft:bookshelf":12,"minecraft:vine":2,"minecraft:oak_stairs":3,"minecraft:iron_bars":2,"minecraft:potted_cornflower":1,"minecraft:stone":64,"minecraft:oak_slab":3,"minecraft:clay":1,"minecraft:crafting_table":7,"minecraft:torch":1,"minecraft:polished_andesite_stairs":1,"minecraft:rose_bush":1,"minecraft:tall_grass":14,"minecraft:cobblestone":16,"minecraft:oak_planks":4,"supplementaries:urn":1,"minecraft:beehive":1,"minecraft:wheat":12,"minecraft:tnt":3,"minecraft:yellow_bed":2,"minecraft:grass":18,"minecraft:oak_log":17,"minecraft:coal_ore":12,"minecraft:gravel":2,"minecraft:dirt":21,"luminousworld:grassvariant_3":1,"minecraft:cobweb":28,"minecraft:stone_bricks":9,"undead_revamp2:arapholia":1},"minecraft:broken":{"minecraft:stone_axe":1},"minecraft:picked_up":{"minecraft:wooden_axe":1,"luminousworld:groundpebbles_1":1,"minecraft:crafting_table":8,"born_in_chaos_v1:diamond_termite_shard":4,"minecraft:wheat":15,"minecraft:chicken":1,"minecraft:flower_pot":1,"minecraft:clay_ball":14,"born_in_chaos_v1:seedof_chaos":1,"minecraft:oak_stairs":1,"minecraft:enchanted_book":1,"minecraft:string":27,"born_in_chaos_v1:intoxicating_decoction":1,"minecraft:item_frame":1,"minecraft:iron_shovel":1,"supplementaries:bomb":1,"minecraft:beef":18,"minecraft:iron_pickaxe":2,"minecraft:coal_block":8,"minecraft:furnace":4,"ecologics:crab_claw":1,"minecraft:egg":1,"minecraft:raw_iron":29,"ecologics:coconut_slice":2,"minecraft:torch":3,"minecraft:spruce_fence":2,"minecraft:cherry_log":1,"tombstone:grave_dust":5,"born_in_chaos_v1:pieceofdarkmetal":3,"minecraft:dark_oak_planks":1,"minecraft:tnt":3,"minecraft:rotten_flesh":39,"minecraft:peony":17,"minecraft:hay_block":12,"ecologics:coconut_log":3,"supplementaries:ash":10,"minecraft:cod":1,"minecraft:iron_bars":2,"undead_revamp2:arapholia":1,"minecraft:cobblestone":105,"minecraft:feather":1,"minecraft:leather":7,"minecraft:oak_log":20,"minecraft:yellow_bed":2,"minecraft:gunpowder":3,"minecraft:dirt":44,"minecraft:name_tag":1,"minecraft:bone":4,"minecraft:stone_bricks":9,"mowziesmobs:foliaath_seed":6,"minecraft:wheat_seeds":20,"minecraft:iron_ingot":8,"ecologics:crab_meat":1,"minecraft:oak_planks":4,"minecraft:book":36,"minecraft:polished_andesite_stairs":1,"luminousworld:clovers_1":1,"minecraft:gravel":4,"minecraft:jungle_planks":1,"ecologics:coconut_husk":4,"minecraft:spruce_log":2,"undead_revamp2:heavytooth":1,"undead_revamp2:rawbostrox":1,"minecraft:iron_hoe":2,"minecraft:diamond":1,"minecraft:chainmail_leggings":1,"minecraft:scute":1,"minecraft:granite":3,"minecraft:oak_sapling":4,"tombstone:magic_scroll":2,"born_in_chaos_v1:rotten_fish":1,"minecraft:melon_seeds":4,"minecraft:ender_pearl":2,"minecraft:coal":78,"iceandfire:raw_silver":5},"minecraft:dropped":{"born_in_chaos_v1:intoxicating_decoction":1,"minecraft:wheat_seeds":1,"minecraft:oak_log":4,"minecraft:crafting_table":1,"minecraft:cobblestone":21,"minecraft:scute":1,"minecraft:coal":2,"minecraft:cod":1,"minecraft:item_frame":1,"tombstone:grave_key":1,"minecraft:oak_stairs":1,"minecraft:polished_andesite_stairs":1,"minecraft:iron_pickaxe":1,"minecraft:string":1,"minecraft:gravel":2,"ecologics:coconut_planks":1,"minecraft:stone_sword":1,"minecraft:wheat":1,"supplementaries:bomb":1,"minecraft:rotten_flesh":9,"minecraft:clay_ball":10,"minecraft:oak_planks":7,"minecraft:iron_hoe":1,"minecraft:name_tag":1,"supplementaries:flax_seeds":1,"minecraft:peony":17,"luminousworld:groundpebbles_1":1,"minecraft:melon_seeds":8,"ecologics:coconut_husk":6,"minecraft:oak_sapling":2,"minecraft:stone_bricks":9,"minecraft:spruce_log":2,"minecraft:wooden_pickaxe":1,"minecraft:beef":1,"minecraft:stone_pickaxe":1,"minecraft:egg":1},"minecraft:custom":{"minecraft:mob_kills":63,"minecraft:interact_with_crafting_table":27,"minecraft:interact_with_campfire":1,"minecraft:damage_dealt_resisted":1151,"minecraft:leave_game":2,"minecraft:time_since_death":173,"minecraft:climb_one_cm":17970,"minecraft:sprint_one_cm":203275,"minecraft:walk_one_cm":176373,"minecraft:damage_blocked_by_shield":55,"minecraft:drop":41,"minecraft:talked_to_villager":7,"minecraft:play_time":99981,"minecraft:deaths":11,"minecraft:sneak_time":7001,"minecraft:walk_under_water_one_cm":9200,"minecraft:jump":1584,"minecraft:walk_on_water_one_cm":21680,"minecraft:total_world_time":99981,"minecraft:interact_with_furnace":30,"minecraft:sleep_in_bed":3,"minecraft:time_since_rest":1,"minecraft:damage_taken":4930,"minecraft:damage_dealt":13880,"minecraft:swim_one_cm":28017,"minecraft:fly_one_cm":287866,"minecraft:open_chest":7,"minecraft:crouch_one_cm":16954,"tombstone:undead_killed":30,"minecraft:fall_one_cm":37799},"minecraft:killed":{"born_in_chaos_v1:zombie_clown":1,"naturalist:rattlesnake":1,"alexsmobs:lobster":1,"born_in_chaos_v1:zombie_lumberjack":1,"enemyexpansion:equestrian":1,"minecraft:spider":3,"born_in_chaos_v1:zombie_bruiser":1,"born_in_chaos_v1:maggot":3,"minecraft:skeleton":1,"minecraft:chicken":1,"naturalist:bass":1,"ecologics:coconut_crab":1,"enemyexpansion:goblin":1,"alexsmobs:flying_fish":1,"undead_revamp2:thespitter":1,"born_in_chaos_v1:barrel_zombie":1,"born_in_chaos_v1:fallen_chaos_knight":1,"born_in_chaos_v1:diamond_termite":5,"born_in_chaos_v1:baby_skeleton":2,"undead_revamp2:the_moonflower":4,"undead_revamp2:theheavy":1,"enemyexpansion:sprinter":3,"minecraft:creeper":1,"born_in_chaos_v1:decrepit_skeleton":2,"endermanoverhaul:cave_enderman":1,"minecraft:zombie":9,"minecraft:enderman":1,"minecraft:cow":9,"enemyexpansion:slugger":1}},"DataVersion":3465}